,user,timeline_url
0,"{'login': 'snaumann42', 'id': 12781534, 'node_id': 'MDQ6VXNlcjEyNzgxNTM0', 'avatar_url': 'https://avatars.githubusercontent.com/u/12781534?v=4', 'gravatar_id': '', 'url': 'https://api.github.com/users/snaumann42', 'html_url': 'https://github.com/snaumann42', 'followers_url': 'https://api.github.com/users/snaumann42/followers', 'following_url': 'https://api.github.com/users/snaumann42/following{/other_user}', 'gists_url': 'https://api.github.com/users/snaumann42/gists{/gist_id}', 'starred_url': 'https://api.github.com/users/snaumann42/starred{/owner}{/repo}', 'subscriptions_url': 'https://api.github.com/users/snaumann42/subscriptions', 'organizations_url': 'https://api.github.com/users/snaumann42/orgs', 'repos_url': 'https://api.github.com/users/snaumann42/repos', 'events_url': 'https://api.github.com/users/snaumann42/events{/privacy}', 'received_events_url': 'https://api.github.com/users/snaumann42/received_events', 'type': 'User', 'site_admin': False}",https://api.github.com/repos/pandas-dev/pandas/issues/59575/timeline
1,"{'login': 'AntiKnot', 'id': 14977542, 'node_id': 'MDQ6VXNlcjE0OTc3NTQy', 'avatar_url': 'https://avatars.githubusercontent.com/u/14977542?v=4', 'gravatar_id': '', 'url': 'https://api.github.com/users/AntiKnot', 'html_url': 'https://github.com/AntiKnot', 'followers_url': 'https://api.github.com/users/AntiKnot/followers', 'following_url': 'https://api.github.com/users/AntiKnot/following{/other_user}', 'gists_url': 'https://api.github.com/users/AntiKnot/gists{/gist_id}', 'starred_url': 'https://api.github.com/users/AntiKnot/starred{/owner}{/repo}', 'subscriptions_url': 'https://api.github.com/users/AntiKnot/subscriptions', 'organizations_url': 'https://api.github.com/users/AntiKnot/orgs', 'repos_url': 'https://api.github.com/users/AntiKnot/repos', 'events_url': 'https://api.github.com/users/AntiKnot/events{/privacy}', 'received_events_url': 'https://api.github.com/users/AntiKnot/received_events', 'type': 'User', 'site_admin': False}",https://api.github.com/repos/pandas-dev/pandas/issues/59574/timeline
2,"{'login': 'messense', 'id': 1556054, 'node_id': 'MDQ6VXNlcjE1NTYwNTQ=', 'avatar_url': 'https://avatars.githubusercontent.com/u/1556054?v=4', 'gravatar_id': '', 'url': 'https://api.github.com/users/messense', 'html_url': 'https://github.com/messense', 'followers_url': 'https://api.github.com/users/messense/followers', 'following_url': 'https://api.github.com/users/messense/following{/other_user}', 'gists_url': 'https://api.github.com/users/messense/gists{/gist_id}', 'starred_url': 'https://api.github.com/users/messense/starred{/owner}{/repo}', 'subscriptions_url': 'https://api.github.com/users/messense/subscriptions', 'organizations_url': 'https://api.github.com/users/messense/orgs', 'repos_url': 'https://api.github.com/users/messense/repos', 'events_url': 'https://api.github.com/users/messense/events{/privacy}', 'received_events_url': 'https://api.github.com/users/messense/received_events', 'type': 'User', 'site_admin': False}",https://api.github.com/repos/pandas-dev/pandas/issues/59573/timeline
3,"{'login': 'xitongsys', 'id': 24487627, 'node_id': 'MDQ6VXNlcjI0NDg3NjI3', 'avatar_url': 'https://avatars.githubusercontent.com/u/24487627?v=4', 'gravatar_id': '', 'url': 'https://api.github.com/users/xitongsys', 'html_url': 'https://github.com/xitongsys', 'followers_url': 'https://api.github.com/users/xitongsys/followers', 'following_url': 'https://api.github.com/users/xitongsys/following{/other_user}', 'gists_url': 'https://api.github.com/users/xitongsys/gists{/gist_id}', 'starred_url': 'https://api.github.com/users/xitongsys/starred{/owner}{/repo}', 'subscriptions_url': 'https://api.github.com/users/xitongsys/subscriptions', 'organizations_url': 'https://api.github.com/users/xitongsys/orgs', 'repos_url': 'https://api.github.com/users/xitongsys/repos', 'events_url': 'https://api.github.com/users/xitongsys/events{/privacy}', 'received_events_url': 'https://api.github.com/users/xitongsys/received_events', 'type': 'User', 'site_admin': False}",https://api.github.com/repos/pandas-dev/pandas/issues/59572/timeline
4,"{'login': 'sfc-gh-mvashishtha', 'id': 149194323, 'node_id': 'U_kgDOCOSGUw', 'avatar_url': 'https://avatars.githubusercontent.com/u/149194323?v=4', 'gravatar_id': '', 'url': 'https://api.github.com/users/sfc-gh-mvashishtha', 'html_url': 'https://github.com/sfc-gh-mvashishtha', 'followers_url': 'https://api.github.com/users/sfc-gh-mvashishtha/followers', 'following_url': 'https://api.github.com/users/sfc-gh-mvashishtha/following{/other_user}', 'gists_url': 'https://api.github.com/users/sfc-gh-mvashishtha/gists{/gist_id}', 'starred_url': 'https://api.github.com/users/sfc-gh-mvashishtha/starred{/owner}{/repo}', 'subscriptions_url': 'https://api.github.com/users/sfc-gh-mvashishtha/subscriptions', 'organizations_url': 'https://api.github.com/users/sfc-gh-mvashishtha/orgs', 'repos_url': 'https://api.github.com/users/sfc-gh-mvashishtha/repos', 'events_url': 'https://api.github.com/users/sfc-gh-mvashishtha/events{/privacy}', 'received_events_url': 'https://api.github.com/users/sfc-gh-mvashishtha/received_events', 'type': 'User', 'site_admin': False}",https://api.github.com/repos/pandas-dev/pandas/issues/59571/timeline
5,"{'login': 'jbrockmendel', 'id': 8078968, 'node_id': 'MDQ6VXNlcjgwNzg5Njg=', 'avatar_url': 'https://avatars.githubusercontent.com/u/8078968?v=4', 'gravatar_id': '', 'url': 'https://api.github.com/users/jbrockmendel', 'html_url': 'https://github.com/jbrockmendel', 'followers_url': 'https://api.github.com/users/jbrockmendel/followers', 'following_url': 'https://api.github.com/users/jbrockmendel/following{/other_user}', 'gists_url': 'https://api.github.com/users/jbrockmendel/gists{/gist_id}', 'starred_url': 'https://api.github.com/users/jbrockmendel/starred{/owner}{/repo}', 'subscriptions_url': 'https://api.github.com/users/jbrockmendel/subscriptions', 'organizations_url': 'https://api.github.com/users/jbrockmendel/orgs', 'repos_url': 'https://api.github.com/users/jbrockmendel/repos', 'events_url': 'https://api.github.com/users/jbrockmendel/events{/privacy}', 'received_events_url': 'https://api.github.com/users/jbrockmendel/received_events', 'type': 'User', 'site_admin': False}",https://api.github.com/repos/pandas-dev/pandas/issues/59568/timeline
6,"{'login': 'inigohidalgo', 'id': 20395965, 'node_id': 'MDQ6VXNlcjIwMzk1OTY1', 'avatar_url': 'https://avatars.githubusercontent.com/u/20395965?v=4', 'gravatar_id': '', 'url': 'https://api.github.com/users/inigohidalgo', 'html_url': 'https://github.com/inigohidalgo', 'followers_url': 'https://api.github.com/users/inigohidalgo/followers', 'following_url': 'https://api.github.com/users/inigohidalgo/following{/other_user}', 'gists_url': 'https://api.github.com/users/inigohidalgo/gists{/gist_id}', 'starred_url': 'https://api.github.com/users/inigohidalgo/starred{/owner}{/repo}', 'subscriptions_url': 'https://api.github.com/users/inigohidalgo/subscriptions', 'organizations_url': 'https://api.github.com/users/inigohidalgo/orgs', 'repos_url': 'https://api.github.com/users/inigohidalgo/repos', 'events_url': 'https://api.github.com/users/inigohidalgo/events{/privacy}', 'received_events_url': 'https://api.github.com/users/inigohidalgo/received_events', 'type': 'User', 'site_admin': False}",https://api.github.com/repos/pandas-dev/pandas/issues/59567/timeline
7,"{'login': 'maymunashah', 'id': 27955306, 'node_id': 'MDQ6VXNlcjI3OTU1MzA2', 'avatar_url': 'https://avatars.githubusercontent.com/u/27955306?v=4', 'gravatar_id': '', 'url': 'https://api.github.com/users/maymunashah', 'html_url': 'https://github.com/maymunashah', 'followers_url': 'https://api.github.com/users/maymunashah/followers', 'following_url': 'https://api.github.com/users/maymunashah/following{/other_user}', 'gists_url': 'https://api.github.com/users/maymunashah/gists{/gist_id}', 'starred_url': 'https://api.github.com/users/maymunashah/starred{/owner}{/repo}', 'subscriptions_url': 'https://api.github.com/users/maymunashah/subscriptions', 'organizations_url': 'https://api.github.com/users/maymunashah/orgs', 'repos_url': 'https://api.github.com/users/maymunashah/repos', 'events_url': 'https://api.github.com/users/maymunashah/events{/privacy}', 'received_events_url': 'https://api.github.com/users/maymunashah/received_events', 'type': 'User', 'site_admin': False}",https://api.github.com/repos/pandas-dev/pandas/issues/59566/timeline
8,"{'login': 'Tolker-KU', 'id': 55140581, 'node_id': 'MDQ6VXNlcjU1MTQwNTgx', 'avatar_url': 'https://avatars.githubusercontent.com/u/55140581?v=4', 'gravatar_id': '', 'url': 'https://api.github.com/users/Tolker-KU', 'html_url': 'https://github.com/Tolker-KU', 'followers_url': 'https://api.github.com/users/Tolker-KU/followers', 'following_url': 'https://api.github.com/users/Tolker-KU/following{/other_user}', 'gists_url': 'https://api.github.com/users/Tolker-KU/gists{/gist_id}', 'starred_url': 'https://api.github.com/users/Tolker-KU/starred{/owner}{/repo}', 'subscriptions_url': 'https://api.github.com/users/Tolker-KU/subscriptions', 'organizations_url': 'https://api.github.com/users/Tolker-KU/orgs', 'repos_url': 'https://api.github.com/users/Tolker-KU/repos', 'events_url': 'https://api.github.com/users/Tolker-KU/events{/privacy}', 'received_events_url': 'https://api.github.com/users/Tolker-KU/received_events', 'type': 'User', 'site_admin': False}",https://api.github.com/repos/pandas-dev/pandas/issues/59565/timeline
9,"{'login': 'Nagidrop', 'id': 58417614, 'node_id': 'MDQ6VXNlcjU4NDE3NjE0', 'avatar_url': 'https://avatars.githubusercontent.com/u/58417614?v=4', 'gravatar_id': '', 'url': 'https://api.github.com/users/Nagidrop', 'html_url': 'https://github.com/Nagidrop', 'followers_url': 'https://api.github.com/users/Nagidrop/followers', 'following_url': 'https://api.github.com/users/Nagidrop/following{/other_user}', 'gists_url': 'https://api.github.com/users/Nagidrop/gists{/gist_id}', 'starred_url': 'https://api.github.com/users/Nagidrop/starred{/owner}{/repo}', 'subscriptions_url': 'https://api.github.com/users/Nagidrop/subscriptions', 'organizations_url': 'https://api.github.com/users/Nagidrop/orgs', 'repos_url': 'https://api.github.com/users/Nagidrop/repos', 'events_url': 'https://api.github.com/users/Nagidrop/events{/privacy}', 'received_events_url': 'https://api.github.com/users/Nagidrop/received_events', 'type': 'User', 'site_admin': False}",https://api.github.com/repos/pandas-dev/pandas/issues/59564/timeline
10,"{'login': 'jbrockmendel', 'id': 8078968, 'node_id': 'MDQ6VXNlcjgwNzg5Njg=', 'avatar_url': 'https://avatars.githubusercontent.com/u/8078968?v=4', 'gravatar_id': '', 'url': 'https://api.github.com/users/jbrockmendel', 'html_url': 'https://github.com/jbrockmendel', 'followers_url': 'https://api.github.com/users/jbrockmendel/followers', 'following_url': 'https://api.github.com/users/jbrockmendel/following{/other_user}', 'gists_url': 'https://api.github.com/users/jbrockmendel/gists{/gist_id}', 'starred_url': 'https://api.github.com/users/jbrockmendel/starred{/owner}{/repo}', 'subscriptions_url': 'https://api.github.com/users/jbrockmendel/subscriptions', 'organizations_url': 'https://api.github.com/users/jbrockmendel/orgs', 'repos_url': 'https://api.github.com/users/jbrockmendel/repos', 'events_url': 'https://api.github.com/users/jbrockmendel/events{/privacy}', 'received_events_url': 'https://api.github.com/users/jbrockmendel/received_events', 'type': 'User', 'site_admin': False}",https://api.github.com/repos/pandas-dev/pandas/issues/59562/timeline
11,"{'login': 'jbrockmendel', 'id': 8078968, 'node_id': 'MDQ6VXNlcjgwNzg5Njg=', 'avatar_url': 'https://avatars.githubusercontent.com/u/8078968?v=4', 'gravatar_id': '', 'url': 'https://api.github.com/users/jbrockmendel', 'html_url': 'https://github.com/jbrockmendel', 'followers_url': 'https://api.github.com/users/jbrockmendel/followers', 'following_url': 'https://api.github.com/users/jbrockmendel/following{/other_user}', 'gists_url': 'https://api.github.com/users/jbrockmendel/gists{/gist_id}', 'starred_url': 'https://api.github.com/users/jbrockmendel/starred{/owner}{/repo}', 'subscriptions_url': 'https://api.github.com/users/jbrockmendel/subscriptions', 'organizations_url': 'https://api.github.com/users/jbrockmendel/orgs', 'repos_url': 'https://api.github.com/users/jbrockmendel/repos', 'events_url': 'https://api.github.com/users/jbrockmendel/events{/privacy}', 'received_events_url': 'https://api.github.com/users/jbrockmendel/received_events', 'type': 'User', 'site_admin': False}",https://api.github.com/repos/pandas-dev/pandas/issues/59561/timeline
12,"{'login': 'ldouteau', 'id': 66072556, 'node_id': 'MDQ6VXNlcjY2MDcyNTU2', 'avatar_url': 'https://avatars.githubusercontent.com/u/66072556?v=4', 'gravatar_id': '', 'url': 'https://api.github.com/users/ldouteau', 'html_url': 'https://github.com/ldouteau', 'followers_url': 'https://api.github.com/users/ldouteau/followers', 'following_url': 'https://api.github.com/users/ldouteau/following{/other_user}', 'gists_url': 'https://api.github.com/users/ldouteau/gists{/gist_id}', 'starred_url': 'https://api.github.com/users/ldouteau/starred{/owner}{/repo}', 'subscriptions_url': 'https://api.github.com/users/ldouteau/subscriptions', 'organizations_url': 'https://api.github.com/users/ldouteau/orgs', 'repos_url': 'https://api.github.com/users/ldouteau/repos', 'events_url': 'https://api.github.com/users/ldouteau/events{/privacy}', 'received_events_url': 'https://api.github.com/users/ldouteau/received_events', 'type': 'User', 'site_admin': False}",https://api.github.com/repos/pandas-dev/pandas/issues/59560/timeline
13,"{'login': 'fangchenli', 'id': 7614606, 'node_id': 'MDQ6VXNlcjc2MTQ2MDY=', 'avatar_url': 'https://avatars.githubusercontent.com/u/7614606?v=4', 'gravatar_id': '', 'url': 'https://api.github.com/users/fangchenli', 'html_url': 'https://github.com/fangchenli', 'followers_url': 'https://api.github.com/users/fangchenli/followers', 'following_url': 'https://api.github.com/users/fangchenli/following{/other_user}', 'gists_url': 'https://api.github.com/users/fangchenli/gists{/gist_id}', 'starred_url': 'https://api.github.com/users/fangchenli/starred{/owner}{/repo}', 'subscriptions_url': 'https://api.github.com/users/fangchenli/subscriptions', 'organizations_url': 'https://api.github.com/users/fangchenli/orgs', 'repos_url': 'https://api.github.com/users/fangchenli/repos', 'events_url': 'https://api.github.com/users/fangchenli/events{/privacy}', 'received_events_url': 'https://api.github.com/users/fangchenli/received_events', 'type': 'User', 'site_admin': False}",https://api.github.com/repos/pandas-dev/pandas/issues/59558/timeline
14,"{'login': 'igurin-invn', 'id': 53919701, 'node_id': 'MDQ6VXNlcjUzOTE5NzAx', 'avatar_url': 'https://avatars.githubusercontent.com/u/53919701?v=4', 'gravatar_id': '', 'url': 'https://api.github.com/users/igurin-invn', 'html_url': 'https://github.com/igurin-invn', 'followers_url': 'https://api.github.com/users/igurin-invn/followers', 'following_url': 'https://api.github.com/users/igurin-invn/following{/other_user}', 'gists_url': 'https://api.github.com/users/igurin-invn/gists{/gist_id}', 'starred_url': 'https://api.github.com/users/igurin-invn/starred{/owner}{/repo}', 'subscriptions_url': 'https://api.github.com/users/igurin-invn/subscriptions', 'organizations_url': 'https://api.github.com/users/igurin-invn/orgs', 'repos_url': 'https://api.github.com/users/igurin-invn/repos', 'events_url': 'https://api.github.com/users/igurin-invn/events{/privacy}', 'received_events_url': 'https://api.github.com/users/igurin-invn/received_events', 'type': 'User', 'site_admin': False}",https://api.github.com/repos/pandas-dev/pandas/issues/59557/timeline
15,"{'login': 'jbrockmendel', 'id': 8078968, 'node_id': 'MDQ6VXNlcjgwNzg5Njg=', 'avatar_url': 'https://avatars.githubusercontent.com/u/8078968?v=4', 'gravatar_id': '', 'url': 'https://api.github.com/users/jbrockmendel', 'html_url': 'https://github.com/jbrockmendel', 'followers_url': 'https://api.github.com/users/jbrockmendel/followers', 'following_url': 'https://api.github.com/users/jbrockmendel/following{/other_user}', 'gists_url': 'https://api.github.com/users/jbrockmendel/gists{/gist_id}', 'starred_url': 'https://api.github.com/users/jbrockmendel/starred{/owner}{/repo}', 'subscriptions_url': 'https://api.github.com/users/jbrockmendel/subscriptions', 'organizations_url': 'https://api.github.com/users/jbrockmendel/orgs', 'repos_url': 'https://api.github.com/users/jbrockmendel/repos', 'events_url': 'https://api.github.com/users/jbrockmendel/events{/privacy}', 'received_events_url': 'https://api.github.com/users/jbrockmendel/received_events', 'type': 'User', 'site_admin': False}",https://api.github.com/repos/pandas-dev/pandas/issues/59556/timeline
16,"{'login': 'jbrockmendel', 'id': 8078968, 'node_id': 'MDQ6VXNlcjgwNzg5Njg=', 'avatar_url': 'https://avatars.githubusercontent.com/u/8078968?v=4', 'gravatar_id': '', 'url': 'https://api.github.com/users/jbrockmendel', 'html_url': 'https://github.com/jbrockmendel', 'followers_url': 'https://api.github.com/users/jbrockmendel/followers', 'following_url': 'https://api.github.com/users/jbrockmendel/following{/other_user}', 'gists_url': 'https://api.github.com/users/jbrockmendel/gists{/gist_id}', 'starred_url': 'https://api.github.com/users/jbrockmendel/starred{/owner}{/repo}', 'subscriptions_url': 'https://api.github.com/users/jbrockmendel/subscriptions', 'organizations_url': 'https://api.github.com/users/jbrockmendel/orgs', 'repos_url': 'https://api.github.com/users/jbrockmendel/repos', 'events_url': 'https://api.github.com/users/jbrockmendel/events{/privacy}', 'received_events_url': 'https://api.github.com/users/jbrockmendel/received_events', 'type': 'User', 'site_admin': False}",https://api.github.com/repos/pandas-dev/pandas/issues/59555/timeline
17,"{'login': 'fbourgey', 'id': 10298716, 'node_id': 'MDQ6VXNlcjEwMjk4NzE2', 'avatar_url': 'https://avatars.githubusercontent.com/u/10298716?v=4', 'gravatar_id': '', 'url': 'https://api.github.com/users/fbourgey', 'html_url': 'https://github.com/fbourgey', 'followers_url': 'https://api.github.com/users/fbourgey/followers', 'following_url': 'https://api.github.com/users/fbourgey/following{/other_user}', 'gists_url': 'https://api.github.com/users/fbourgey/gists{/gist_id}', 'starred_url': 'https://api.github.com/users/fbourgey/starred{/owner}{/repo}', 'subscriptions_url': 'https://api.github.com/users/fbourgey/subscriptions', 'organizations_url': 'https://api.github.com/users/fbourgey/orgs', 'repos_url': 'https://api.github.com/users/fbourgey/repos', 'events_url': 'https://api.github.com/users/fbourgey/events{/privacy}', 'received_events_url': 'https://api.github.com/users/fbourgey/received_events', 'type': 'User', 'site_admin': False}",https://api.github.com/repos/pandas-dev/pandas/issues/59552/timeline
18,"{'login': 'jbrockmendel', 'id': 8078968, 'node_id': 'MDQ6VXNlcjgwNzg5Njg=', 'avatar_url': 'https://avatars.githubusercontent.com/u/8078968?v=4', 'gravatar_id': '', 'url': 'https://api.github.com/users/jbrockmendel', 'html_url': 'https://github.com/jbrockmendel', 'followers_url': 'https://api.github.com/users/jbrockmendel/followers', 'following_url': 'https://api.github.com/users/jbrockmendel/following{/other_user}', 'gists_url': 'https://api.github.com/users/jbrockmendel/gists{/gist_id}', 'starred_url': 'https://api.github.com/users/jbrockmendel/starred{/owner}{/repo}', 'subscriptions_url': 'https://api.github.com/users/jbrockmendel/subscriptions', 'organizations_url': 'https://api.github.com/users/jbrockmendel/orgs', 'repos_url': 'https://api.github.com/users/jbrockmendel/repos', 'events_url': 'https://api.github.com/users/jbrockmendel/events{/privacy}', 'received_events_url': 'https://api.github.com/users/jbrockmendel/received_events', 'type': 'User', 'site_admin': False}",https://api.github.com/repos/pandas-dev/pandas/issues/59551/timeline
19,"{'login': 'fbourgey', 'id': 10298716, 'node_id': 'MDQ6VXNlcjEwMjk4NzE2', 'avatar_url': 'https://avatars.githubusercontent.com/u/10298716?v=4', 'gravatar_id': '', 'url': 'https://api.github.com/users/fbourgey', 'html_url': 'https://github.com/fbourgey', 'followers_url': 'https://api.github.com/users/fbourgey/followers', 'following_url': 'https://api.github.com/users/fbourgey/following{/other_user}', 'gists_url': 'https://api.github.com/users/fbourgey/gists{/gist_id}', 'starred_url': 'https://api.github.com/users/fbourgey/starred{/owner}{/repo}', 'subscriptions_url': 'https://api.github.com/users/fbourgey/subscriptions', 'organizations_url': 'https://api.github.com/users/fbourgey/orgs', 'repos_url': 'https://api.github.com/users/fbourgey/repos', 'events_url': 'https://api.github.com/users/fbourgey/events{/privacy}', 'received_events_url': 'https://api.github.com/users/fbourgey/received_events', 'type': 'User', 'site_admin': False}",https://api.github.com/repos/pandas-dev/pandas/issues/59549/timeline
20,"{'login': 'adrian17', 'id': 4729533, 'node_id': 'MDQ6VXNlcjQ3Mjk1MzM=', 'avatar_url': 'https://avatars.githubusercontent.com/u/4729533?v=4', 'gravatar_id': '', 'url': 'https://api.github.com/users/adrian17', 'html_url': 'https://github.com/adrian17', 'followers_url': 'https://api.github.com/users/adrian17/followers', 'following_url': 'https://api.github.com/users/adrian17/following{/other_user}', 'gists_url': 'https://api.github.com/users/adrian17/gists{/gist_id}', 'starred_url': 'https://api.github.com/users/adrian17/starred{/owner}{/repo}', 'subscriptions_url': 'https://api.github.com/users/adrian17/subscriptions', 'organizations_url': 'https://api.github.com/users/adrian17/orgs', 'repos_url': 'https://api.github.com/users/adrian17/repos', 'events_url': 'https://api.github.com/users/adrian17/events{/privacy}', 'received_events_url': 'https://api.github.com/users/adrian17/received_events', 'type': 'User', 'site_admin': False}",https://api.github.com/repos/pandas-dev/pandas/issues/59548/timeline
21,"{'login': 'KatsiarynaDzibrova', 'id': 47710336, 'node_id': 'MDQ6VXNlcjQ3NzEwMzM2', 'avatar_url': 'https://avatars.githubusercontent.com/u/47710336?v=4', 'gravatar_id': '', 'url': 'https://api.github.com/users/KatsiarynaDzibrova', 'html_url': 'https://github.com/KatsiarynaDzibrova', 'followers_url': 'https://api.github.com/users/KatsiarynaDzibrova/followers', 'following_url': 'https://api.github.com/users/KatsiarynaDzibrova/following{/other_user}', 'gists_url': 'https://api.github.com/users/KatsiarynaDzibrova/gists{/gist_id}', 'starred_url': 'https://api.github.com/users/KatsiarynaDzibrova/starred{/owner}{/repo}', 'subscriptions_url': 'https://api.github.com/users/KatsiarynaDzibrova/subscriptions', 'organizations_url': 'https://api.github.com/users/KatsiarynaDzibrova/orgs', 'repos_url': 'https://api.github.com/users/KatsiarynaDzibrova/repos', 'events_url': 'https://api.github.com/users/KatsiarynaDzibrova/events{/privacy}', 'received_events_url': 'https://api.github.com/users/KatsiarynaDzibrova/received_events', 'type': 'User', 'site_admin': False}",https://api.github.com/repos/pandas-dev/pandas/issues/59547/timeline
22,"{'login': 'matiaslindgren', 'id': 11295697, 'node_id': 'MDQ6VXNlcjExMjk1Njk3', 'avatar_url': 'https://avatars.githubusercontent.com/u/11295697?v=4', 'gravatar_id': '', 'url': 'https://api.github.com/users/matiaslindgren', 'html_url': 'https://github.com/matiaslindgren', 'followers_url': 'https://api.github.com/users/matiaslindgren/followers', 'following_url': 'https://api.github.com/users/matiaslindgren/following{/other_user}', 'gists_url': 'https://api.github.com/users/matiaslindgren/gists{/gist_id}', 'starred_url': 'https://api.github.com/users/matiaslindgren/starred{/owner}{/repo}', 'subscriptions_url': 'https://api.github.com/users/matiaslindgren/subscriptions', 'organizations_url': 'https://api.github.com/users/matiaslindgren/orgs', 'repos_url': 'https://api.github.com/users/matiaslindgren/repos', 'events_url': 'https://api.github.com/users/matiaslindgren/events{/privacy}', 'received_events_url': 'https://api.github.com/users/matiaslindgren/received_events', 'type': 'User', 'site_admin': False}",https://api.github.com/repos/pandas-dev/pandas/issues/59546/timeline
23,"{'login': 'phofl', 'id': 61934744, 'node_id': 'MDQ6VXNlcjYxOTM0NzQ0', 'avatar_url': 'https://avatars.githubusercontent.com/u/61934744?v=4', 'gravatar_id': '', 'url': 'https://api.github.com/users/phofl', 'html_url': 'https://github.com/phofl', 'followers_url': 'https://api.github.com/users/phofl/followers', 'following_url': 'https://api.github.com/users/phofl/following{/other_user}', 'gists_url': 'https://api.github.com/users/phofl/gists{/gist_id}', 'starred_url': 'https://api.github.com/users/phofl/starred{/owner}{/repo}', 'subscriptions_url': 'https://api.github.com/users/phofl/subscriptions', 'organizations_url': 'https://api.github.com/users/phofl/orgs', 'repos_url': 'https://api.github.com/users/phofl/repos', 'events_url': 'https://api.github.com/users/phofl/events{/privacy}', 'received_events_url': 'https://api.github.com/users/phofl/received_events', 'type': 'User', 'site_admin': False}",https://api.github.com/repos/pandas-dev/pandas/issues/59544/timeline
24,"{'login': 'kdheepak', 'id': 1813121, 'node_id': 'MDQ6VXNlcjE4MTMxMjE=', 'avatar_url': 'https://avatars.githubusercontent.com/u/1813121?v=4', 'gravatar_id': '', 'url': 'https://api.github.com/users/kdheepak', 'html_url': 'https://github.com/kdheepak', 'followers_url': 'https://api.github.com/users/kdheepak/followers', 'following_url': 'https://api.github.com/users/kdheepak/following{/other_user}', 'gists_url': 'https://api.github.com/users/kdheepak/gists{/gist_id}', 'starred_url': 'https://api.github.com/users/kdheepak/starred{/owner}{/repo}', 'subscriptions_url': 'https://api.github.com/users/kdheepak/subscriptions', 'organizations_url': 'https://api.github.com/users/kdheepak/orgs', 'repos_url': 'https://api.github.com/users/kdheepak/repos', 'events_url': 'https://api.github.com/users/kdheepak/events{/privacy}', 'received_events_url': 'https://api.github.com/users/kdheepak/received_events', 'type': 'User', 'site_admin': False}",https://api.github.com/repos/pandas-dev/pandas/issues/59543/timeline
25,"{'login': 'ncooder', 'id': 177158061, 'node_id': 'U_kgDOCo83rQ', 'avatar_url': 'https://avatars.githubusercontent.com/u/177158061?v=4', 'gravatar_id': '', 'url': 'https://api.github.com/users/ncooder', 'html_url': 'https://github.com/ncooder', 'followers_url': 'https://api.github.com/users/ncooder/followers', 'following_url': 'https://api.github.com/users/ncooder/following{/other_user}', 'gists_url': 'https://api.github.com/users/ncooder/gists{/gist_id}', 'starred_url': 'https://api.github.com/users/ncooder/starred{/owner}{/repo}', 'subscriptions_url': 'https://api.github.com/users/ncooder/subscriptions', 'organizations_url': 'https://api.github.com/users/ncooder/orgs', 'repos_url': 'https://api.github.com/users/ncooder/repos', 'events_url': 'https://api.github.com/users/ncooder/events{/privacy}', 'received_events_url': 'https://api.github.com/users/ncooder/received_events', 'type': 'User', 'site_admin': False}",https://api.github.com/repos/pandas-dev/pandas/issues/59542/timeline
26,"{'login': 'phofl', 'id': 61934744, 'node_id': 'MDQ6VXNlcjYxOTM0NzQ0', 'avatar_url': 'https://avatars.githubusercontent.com/u/61934744?v=4', 'gravatar_id': '', 'url': 'https://api.github.com/users/phofl', 'html_url': 'https://github.com/phofl', 'followers_url': 'https://api.github.com/users/phofl/followers', 'following_url': 'https://api.github.com/users/phofl/following{/other_user}', 'gists_url': 'https://api.github.com/users/phofl/gists{/gist_id}', 'starred_url': 'https://api.github.com/users/phofl/starred{/owner}{/repo}', 'subscriptions_url': 'https://api.github.com/users/phofl/subscriptions', 'organizations_url': 'https://api.github.com/users/phofl/orgs', 'repos_url': 'https://api.github.com/users/phofl/repos', 'events_url': 'https://api.github.com/users/phofl/events{/privacy}', 'received_events_url': 'https://api.github.com/users/phofl/received_events', 'type': 'User', 'site_admin': False}",https://api.github.com/repos/pandas-dev/pandas/issues/59541/timeline
27,"{'login': 'benjamindonnachie', 'id': 83379521, 'node_id': 'MDQ6VXNlcjgzMzc5NTIx', 'avatar_url': 'https://avatars.githubusercontent.com/u/83379521?v=4', 'gravatar_id': '', 'url': 'https://api.github.com/users/benjamindonnachie', 'html_url': 'https://github.com/benjamindonnachie', 'followers_url': 'https://api.github.com/users/benjamindonnachie/followers', 'following_url': 'https://api.github.com/users/benjamindonnachie/following{/other_user}', 'gists_url': 'https://api.github.com/users/benjamindonnachie/gists{/gist_id}', 'starred_url': 'https://api.github.com/users/benjamindonnachie/starred{/owner}{/repo}', 'subscriptions_url': 'https://api.github.com/users/benjamindonnachie/subscriptions', 'organizations_url': 'https://api.github.com/users/benjamindonnachie/orgs', 'repos_url': 'https://api.github.com/users/benjamindonnachie/repos', 'events_url': 'https://api.github.com/users/benjamindonnachie/events{/privacy}', 'received_events_url': 'https://api.github.com/users/benjamindonnachie/received_events', 'type': 'User', 'site_admin': False}",https://api.github.com/repos/pandas-dev/pandas/issues/59537/timeline
28,"{'login': 'bnavigator', 'id': 4623504, 'node_id': 'MDQ6VXNlcjQ2MjM1MDQ=', 'avatar_url': 'https://avatars.githubusercontent.com/u/4623504?v=4', 'gravatar_id': '', 'url': 'https://api.github.com/users/bnavigator', 'html_url': 'https://github.com/bnavigator', 'followers_url': 'https://api.github.com/users/bnavigator/followers', 'following_url': 'https://api.github.com/users/bnavigator/following{/other_user}', 'gists_url': 'https://api.github.com/users/bnavigator/gists{/gist_id}', 'starred_url': 'https://api.github.com/users/bnavigator/starred{/owner}{/repo}', 'subscriptions_url': 'https://api.github.com/users/bnavigator/subscriptions', 'organizations_url': 'https://api.github.com/users/bnavigator/orgs', 'repos_url': 'https://api.github.com/users/bnavigator/repos', 'events_url': 'https://api.github.com/users/bnavigator/events{/privacy}', 'received_events_url': 'https://api.github.com/users/bnavigator/received_events', 'type': 'User', 'site_admin': False}",https://api.github.com/repos/pandas-dev/pandas/issues/59535/timeline
29,"{'login': 'Tharun-PS', 'id': 71878525, 'node_id': 'MDQ6VXNlcjcxODc4NTI1', 'avatar_url': 'https://avatars.githubusercontent.com/u/71878525?v=4', 'gravatar_id': '', 'url': 'https://api.github.com/users/Tharun-PS', 'html_url': 'https://github.com/Tharun-PS', 'followers_url': 'https://api.github.com/users/Tharun-PS/followers', 'following_url': 'https://api.github.com/users/Tharun-PS/following{/other_user}', 'gists_url': 'https://api.github.com/users/Tharun-PS/gists{/gist_id}', 'starred_url': 'https://api.github.com/users/Tharun-PS/starred{/owner}{/repo}', 'subscriptions_url': 'https://api.github.com/users/Tharun-PS/subscriptions', 'organizations_url': 'https://api.github.com/users/Tharun-PS/orgs', 'repos_url': 'https://api.github.com/users/Tharun-PS/repos', 'events_url': 'https://api.github.com/users/Tharun-PS/events{/privacy}', 'received_events_url': 'https://api.github.com/users/Tharun-PS/received_events', 'type': 'User', 'site_admin': False}",https://api.github.com/repos/pandas-dev/pandas/issues/59534/timeline
